REQUEST,RESPONSE
Compute 1000*1000,"The product of 1000 multiplied by 1000 is 1,000,000."
Compute 1000*1001,"1000 multiplied by 1001 is equal to 1,001,000."
Compute 1000*1002,"1000 * 1002 = 1,002,000"
Compute 1000*1003,"1000*1003 = 1,003,000"
Compute 1000*1004,"1000 * 1004 = 1,004,000"
Compute 1000*1005,"1000 * 1005 = 1,005,000"
Compute 1000*1006,"1000 * 1006 = 1,006,000."
Compute 1000*1007,"The product of 1000 and 1007 is 1,007,000."
Compute 1000*1008,"1000 * 1008 = <<1000*1008=1008000>>1,008,000"
Compute 1000*1009,"The product of 1000 and 1009 is 1,009,000."
Compute 1000*1010,"The product of 1000 and 1010 is 1,010,000."
Compute 1000*1011,"1,011,000"
Compute 1000*1012,"The product of 1000 and 1012 is 1,012,000."
Compute 1000*1013,"The product of 1000 and 1013 is 1,013,000."
Compute 1000*1014,"1000 * 1014 = 1,014,000."
Compute 1000*1015,"1000 * 1015 = 1,015,000."
Compute 1000*1016,"1000 * 1016 = 1,016,000"
Compute 1000*1017,"The product of 1000 multiplied by 1017 is 1,017,000."
Compute 1000*1018,"The product of 1000 and 1018 is 1,018,000."
Compute 1000*1019,"The product of 1000 and 1019 is 1,019,000."
Compute 1000*1020,"1000*1020 = 1,020,000"
Compute 1000*1021,"The product of 1000 and 1021 is 1,021,000."
Compute 1000*1022,"Given that 1000 multiplied by 1022 equals 1,022,000."
Compute 1000*1023,"The result of computing 1000 multiplied by 1023 is 1,023,000."
Compute 1000*1024,"1000 * 1024 = 1,024,000"
Compute 1000*1025,"1000*1025 = 1,025,000."
Compute 1000*1026,"The product of 1000 and 1026 is 1,026,000."
Compute 1000*1027,"The result of 1000 multiplied by 1027 is 1,027,000."
Compute 1000*1028,"The product of 1000 and 1028 is 1,028,000."
Compute 1000*1029,"The product of 1000 and 1029 is 1,029,000."
Compute 1000*1030,"The product of 1000 and 1030 is 1,030,000."
Compute 1000*1031,"The result of multiplying 1000 by 1031 is 1,031,000."
Compute 1000*1032,"1000*1032 equals 1,032,000."
Compute 1000*1033,"The product of 1000 and 1033 is 1,033,000."
Compute 1000*1034,"The product of 1000 and 1034 is 1,034,000."
Compute 1000*1035,"1000 * 1035 = 1,035,000"
Compute 1000*1036,"The product of 1000 and 1036 is 1,036,000."
Compute 1000*1037,"The product of 1000 and 1037 is 1,037,000."
Compute 1000*1038,"The product of 1000 and 1038 is 1,038,000."
Compute 1000*1039,"The product of 1000 and 1039 is 1,039,000."
Compute 1000*1040,"1000 * 1040 = 1,040,000."
Compute 1000*1041,"The product of 1000 and 1041 is 1,041,000."
Compute 1000*1042,"1000 * 1042 = 1,042,000."
Compute 1000*1043,"The product of 1000 multiplied by 1043 is 1,043,000."
Compute 1000*1044,"The result of 1000 multiplied by 1044 is 1,044,000."
Compute 1000*1045,"The product of 1000 and 1045 is 1,045,000."
Compute 1000*1046,"The result of computing 1000 multiplied by 1046 is 1,046,000."
Compute 1000*1047,"The product of 1000 and 1047 is 1,047,000."
Compute 1000*1048,"1000 * 1048 = 1,048,000"
Compute 1000*1049,"1000 multiplied by 1049 equals 1,049,000."
Compute 1000*1050,"The result of 1000 multiplied by 1050 is 1,050,000."
Compute 1000*1051,"1000 * 1051 = 1,051,000"
Compute 1000*1052,"The result of 1000 multiplied by 1052 is 1,052,000."
Compute 1000*1053,"The product of 1000 and 1053 is 1,053,000."
Compute 1000*1054,"The product of 1000 and 1054 is 1,054,000."
Compute 1000*1055,"The product of 1000 and 1055 is 1,055,000."
Compute 1000*1056,"1000 * 1056 = 1,056,000"
Compute 1000*1057,1000 * 1057 = 1057000
Compute 1000*1058,"The product of 1000 and 1058 is 1,058,000."
Compute 1000*1059,"1000 * 1059 = 1,059,000"
Compute 1000*1060,"1000 * 1060 = 1,060,000."
Compute 1000*1061,"The product of 1000 multiplied by 1061 is 1,061,000."
Compute 1000*1062,"1000 * 1062 = 1,062,000"
Compute 1000*1063,"1000*1063 = 1,063,000."
Compute 1000*1064,"1000*1064 = 1,064,000"
Compute 1000*1065,"The result of 1000 multiplied by 1065 is 1,065,000."
Compute 1000*1066,"1000 multiplied by 1066 equals 1,066,000."
Compute 1000*1067,"1000 * 1067 equals 1,067,000."
Compute 1000*1068,"1000 * 1068 = 1,068,000"
Compute 1000*1069,"The result of 1000 multiplied by 1069 is 1,069,000."
Compute 1000*1070,"1000 * 1070 = 1,070,000"
Compute 1000*1071,"1000 * 1071 = 1,071,000"
Compute 1000*1072,"1000*1072 = 1,072,000"
Compute 1000*1073,"1000 * 1073 = 1,073,000"
Compute 1000*1074,"1000 * 1074 = 1,074,000."
Compute 1000*1075,"1000*1075 = 1,075,000"
Compute 1000*1076,"1000 * 1076 equals 1,076,000."
Compute 1000*1077,"The product of 1000 multiplied by 1077 is 1,077,000."
Compute 1000*1078,"The product of 1000 and 1078 is 1,078,000."
Compute 1000*1079,"The product of 1000 and 1079 is 1,079,000."
Compute 1000*1080,"1000 * 1080 equals 1,080,000."
Compute 1000*1081,"1000 * 1081 = 1,081,000"
Compute 1000*1082,"The answer is 1,082,000."
Compute 1000*1083,"The product of 1000 and 1083 is 1,083,000."
Compute 1000*1084,"1000 * 1084 = 1,084,000"
Compute 1000*1085,"1000 * 1085 = 1,085,000"
Compute 1000*1086,"1000 * 1086 = 1,086,000."
Compute 1000*1087,"The product of 1000 and 1087 is 1,087,000."
Compute 1000*1088,"1000 * 1088 = 1,088,000"
Compute 1000*1089,"The product of 1000 and 1089 is 1,089,000."
Compute 1000*1090,"1000*1090 = 1,090,000."
Compute 1000*1091,"The product of 1000 and 1091 is 1,091,000."
Compute 1000*1092,"The product of 1000 multiplied by 1092 is: 1,092,000."
Compute 1000*1093,"The product of 1000 and 1093 is 1,093,000."
Compute 1000*1094,"1000 * 1094 = 1,094,000."
Compute 1000*1095,"The calculation is as follows:

1000 * 1095 = 1,095,000."
Compute 1000*1096,"1000 multiplied by 1096 is equal to 1,096,000."
Compute 1000*1097,"1000*1097 = 1,097,000."
Compute 1000*1098,"1000 * 1098 = 1,098,000"
Compute 1000*1099,"The product of 1000 and 1099 is 1,099,000."
Compute 1000*1100,"1000 * 1100 = 1,100,000"
Compute 1000*1101,1000 * 1101 = 1101000
Compute 1000*1102,"The product of 1000 and 1102 is 1,102,000."
Compute 1000*1103,"The product of 1000 multiplied by 1103 is 1,103,000."
Compute 1000*1104,"1000*1104 = 1,104,000"
Compute 1000*1105,"The product of 1000 multiplied by 1105 is 1,105,000."
Compute 1000*1106,"1000*1106 = 1,106,000."
Compute 1000*1107,"The product of 1000 and 1107 is 1,107,000."
Compute 1000*1108,"The product of 1000 and 1108 is 1,108,000."
Compute 1000*1109,"The product of 1000 and 1109 is 1,109,000."
Compute 1000*1110,"1000*1110 = 1,110,000"
Compute 1000*1111,"1000 * 1111 = 1,111,000."
Compute 1000*1112,"1000*1112 equals 1,112,000."
Compute 1000*1113,"The product of 1000 and 1113 is 1,113,000."
Compute 1000*1114,"The product of 1000 and 1114 is 1,114,000."
Compute 1000*1115,"1000 * 1115 equals 1,115,000."
Compute 1000*1116,"1000 multiplied by 1116 is equal to 1,116,000."
Compute 1000*1117,"1000 multiplied by 1117 is equal to 1,117,000."
Compute 1000*1118,"1000 multiplied by 1118 is equal to 1,118,000."
Compute 1000*1119,"The product of 1000 and 1119 is 1,119,000."
Compute 1000*1120,"1000*1120 = 1,120,000"
Compute 1000*1121,"1000*1121 = 1,121,000."
Compute 1000*1122,"The product of 1000 multiplied by 1122 is 1,122,000."
Compute 1000*1123,"1000 * 1123 = 1,123,000"
Compute 1000*1124,"The product of 1000 and 1124 is 1,124,000."
Compute 1000*1125,"1000 * 1125 = 1,125,000"
Compute 1000*1126,"1000 * 1126 = 1,126,000"
Compute 1000*1127,"The product of 1000 multiplied by 1127 is 1,127,000."
Compute 1000*1128,"1000*1128 = 1,128,000."
Compute 1000*1129,"1000 * 1129 = 1,129,000"
Compute 1000*1130,"The result of 1000 times 1130 is 1,130,000."
Compute 1000*1131,"1000*1131 = 1,131,000"
Compute 1000*1132,"The product of 1000 and 1132 is 1,132,000."
Compute 1000*1133,"The answer is 1,133,000."
Compute 1000*1134,"1,134,000"
Compute 1000*1135,"1000 * 1135 = 1,135,000"
Compute 1000*1136,"1000*1136 = 1,136,000"
Compute 1000*1137,"1000*1137 = 1,137,000"
Compute 1000*1138,"1000 * 1138 = 1,138,000"
Compute 1000*1139,"1000*1139 = <<1000*1139=1139000>>1,139,000."
Compute 1000*1140,"1000 * 1140 = 1,140,000"
Compute 1000*1141,"1,141,000"
Compute 1000*1142,"1000 * 1142 equals 1,142,000."
Compute 1000*1143,"The product of 1000 and 1143 is 1,143,000."
Compute 1000*1144,"1000 * 1144 equals 1,144,000."
Compute 1000*1145,"The result of 1000 multiplied by 1145 is 1,145,000."
Compute 1000*1146,"1000 multiplied by 1146 is equal to 1,146,000."
Compute 1000*1147,"The product of 1000 multiplied by 1147 is 1,147,000."
Compute 1000*1148,"1000 multiplied by 1148 is equal to 1,148,000."
Compute 1000*1149,"1000 multiplied by 1149 equals 1,149,000."
Compute 1000*1150,"1000 * 1150 = 1,150,000"
Compute 1000*1151,1000 * 1151 = 1151000
Compute 1000*1152,"The product of 1000 and 1152 is 1,152,000."
Compute 1000*1153,"1000 * 1153 = 1,153,000"
Compute 1000*1154,"1,154,000"
Compute 1000*1155,"The value of 1000 multiplied by 1155 is 1,155,000."
Compute 1000*1156,"The product of 1000 and 1156 is 1,156,000."
Compute 1000*1157,"1000 multiplied by 1157 is equal to 1,157,000."
Compute 1000*1158,"1000 * 1158 = 1,158,000"
Compute 1000*1159,"1000*1159 = 1,159,000."
Compute 1000*1160,"1000*1160 = 1,160,000"
Compute 1000*1161,"1000*1161 = 1,161,000"
Compute 1000*1162,"1000 multiplied by 1162 is equal to 1,162,000."
Compute 1000*1163,"The product of 1000 and 1163 is 1,163,000."
Compute 1000*1164,"The product of 1000 multiplied by 1164 is 1,164,000."
Compute 1000*1165,"1000*1165 = 1,165,000"
Compute 1000*1166,"The product of 1000 and 1166 is 1,166,000."
Compute 1000*1167,"The product of 1000 and 1167 is 1,167,000."
Compute 1000*1168,"1000 multiplied by 1168 equals 1,168,000."
Compute 1000*1169,"The product of 1000 multiplied by 1169 is 1,169,000."
Compute 1000*1170,"1000 * 1170 = 1,170,000"
Compute 1000*1171,"1000 multiplied by 1171 is equal to 1,171,000."
Compute 1000*1172,"The product of 1000 and 1172 is 1,172,000."
Compute 1000*1173,"1000 * 1173 = 1,173,000"
Compute 1000*1174,"1000*1174 = 1,174,000"
Compute 1000*1175,"The product of 1000 and 1175 is 1,175,000."
Compute 1000*1176,"The product of 1000 and 1176 is 1,176,000."
Compute 1000*1177,"The product of 1000 and 1177 is 1,177,000."
Compute 1000*1178,"The product of 1000 and 1178 is 1,178,000."
Compute 1000*1179,"The value of 1000*1179 is 1,179,000."
Compute 1000*1180,"1000 * 1180 = 1,180,000."
Compute 1000*1181,"1000 * 1181 = 1,181,000"
Compute 1000*1182,"1000 * 1182 = 1,182,000"
Compute 1000*1183,"1000 * 1183 = 1,183,000"
Compute 1000*1184,"1000 * 1184 = 1,184,000."
Compute 1000*1185,"1000*1185 = 1,185,000"
Compute 1000*1186,"The product of 1000 multiplied by 1186 is 1,186,000."
Compute 1000*1187,"1000*1187 = 1,187,000"
Compute 1000*1188,"1000 * 1188 = 1,188,000"
Compute 1000*1189,"The result of 1000 multiplied by 1189 is 1,189,000."
Compute 1000*1190,"1000 * 1190 = 1,190,000."
Compute 1000*1191,"1000 * 1191 = 1,191,000"
Compute 1000*1192,"1000 * 1192 = 1,192,000"
Compute 1000*1193,"1000 * 1193 = 1,193,000"
Compute 1000*1194,"1000 * 1194 = 1,194,000"
Compute 1000*1195,"1000 * 1195 = 1,195,000"
Compute 1000*1196,"1000 * 1196 = 1,196,000"
Compute 1000*1197,"1000 * 1197 = 1,197,000."
Compute 1000*1198,"1000*1198 = 1,198,000"
Compute 1000*1199,1199000
Compute 1000*1200,"1000*1200 = 1,200,000"
Compute 1000*1201,"1000*1201 = 1,201,000"
Compute 1000*1202,"1000 * 1202 = 1,202,000"
Compute 1000*1203,"1000 * 1203 = 1,203,000"
Compute 1000*1204,"1000*1204 = 1,204,000"
Compute 1000*1205,"1000 * 1205 = 1,205,000"
Compute 1000*1206,"1000 * 1206 = 1,206,000"
Compute 1000*1207,"1000 multiplied by 1207 is equal to 1,207,000."
Compute 1000*1208,"1000 * 1208 = 1,208,000"
Compute 1000*1209,"1000 * 1209 = 1,209,000"
Compute 1000*1210,"1000 * 1210 = 1,210,000"
Compute 1000*1211,"1000*1211 = 1,211,000"
Compute 1000*1212,"1000 multiplied by 1212 equals 1,212,000."
Compute 1000*1213,"1000*1213 = 1,213,000"
Compute 1000*1214,"The result of multiplying 1000 by 1214 is 1,214,000."
Compute 1000*1215,"1000 multiplied by 1215 is equal to 1,215,000."
Compute 1000*1216,"The product of 1000 and 1216 is 1,216,000."
Compute 1000*1217,"1000*1217 = 1,217,000"
Compute 1000*1218,"The product of 1000 and 1218 is 1,218,000."
Compute 1000*1219,"The product of 1000 multiplied by 1219 is 1,219,000."
Compute 1000*1220,"The result of multiplying 1000 by 1220 is 1,220,000."
Compute 1000*1221,"1000 * 1221 = 1,221,000."
Compute 1000*1222,"1000*1222 = 1,222,000"
Compute 1000*1223,"1000 * 1223 = 1,223,000."
Compute 1000*1224,"1000 multiplied by 1224 equals 1,224,000."
Compute 1000*1225,"The product of 1000 and 1225 is 1,225,000."
Compute 1000*1226,"The product of 1000 and 1226 is 1,226,000."
Compute 1000*1227,"1000*1227 = 1,227,000."
Compute 1000*1228,"The result of 1000 multiplied by 1228 is 1,228,000."
Compute 1000*1229,"1000 * 1229 = 1,229,000."
Compute 1000*1230,"1000*1230 = 1,230,000"
Compute 1000*1231,"1000 multiplied by 1231 is equal to 1,231,000."
Compute 1000*1232,"1000*1232 = 1,232,000."
Compute 1000*1233,"1000*1233=1,233,000"
Compute 1000*1234,"1000 * 1234 = 1,234,000."
Compute 1000*1235,"The product of 1000 and 1235 is 1,235,000."
Compute 1000*1236,"The product of 1000 and 1236 is 1,236,000."
Compute 1000*1237,"1000*1237 = 1,237,000"
Compute 1000*1238,1238000
Compute 1000*1239,"1000 multiplied by 1239 is equal to 1,239,000."
Compute 1000*1240,"The product of 1000 and 1240 is 1,240,000."
Compute 1000*1241,"1000*1241 = 1,241,000"
Compute 1000*1242,"The product of 1000 and 1242 is 1,242,000."
Compute 1000*1243,"1000 * 1243 = 1,243,000"
Compute 1000*1244,"1000 multiplied by 1244 is equal to 1,244,000."
Compute 1000*1245,"1000 * 1245 = 1,245,000"
Compute 1000*1246,"The product of 1000 and 1246 is 1,246,000."
Compute 1000*1247,"The product of 1000 and 1247 is 1,247,000."
Compute 1000*1248,"1000*1248 is equal to 1,248,000."
Compute 1000*1249,"1000 * 1249 = 1,249,000"
Compute 1000*1250,"1000*1250 equals 1,250,000."
Compute 1000*1251,"The product of 1000 and 1251 is 1,251,000."
Compute 1000*1252,"The product of 1000 and 1252 is 1,252,000."
Compute 1000*1253,"The product of 1000 and 1253 is 1,253,000."
Compute 1000*1254,"1000*1254 = 1,254,000"
Compute 1000*1255,1000 * 1255 = 1255000
Compute 1000*1256,"1000 multiplied by 1256 equals 1,256,000."
Compute 1000*1257,"1000*1257 = 1,257,000."
Compute 1000*1258,"1000 * 1258 equals 1,258,000."
Compute 1000*1259,"1000 * 1259 = 1,259,000"
Compute 1000*1260,"1000 * 1260 = 1,260,000"
Compute 1000*1261,"The product of 1000 and 1261 is 1,261,000."
Compute 1000*1262,"1000*1262 equals 1,262,000."
Compute 1000*1263,"The product of 1000 and 1263 is 1,263,000."
Compute 1000*1264,"1000 * 1264 = 1,264,000"
Compute 1000*1265,"The product of 1000 multiplied by 1265 is 1,265,000."
Compute 1000*1266,"1000 * 1266 = 1,266,000"
Compute 1000*1267,"The product of 1000 and 1267 is 1,267,000."
Compute 1000*1268,"The product of 1000 and 1268 is 1,268,000."
Compute 1000*1269,"1000*1269 equals 1,269,000."
Compute 1000*1270,"1000 * 1270 = 1,270,000"
Compute 1000*1271,"The calculation is:
1000 * 1271 = 1,271,000."
Compute 1000*1272,"1000*1272 = 1,272,000."
Compute 1000*1273,"The product of 1000 multiplied by 1273 is 1,273,000."
Compute 1000*1274,"1000 * 1274 = 1,274,000"
Compute 1000*1275,"The product of 1000 and 1275 is 1,275,000."
Compute 1000*1276,"The product of 1000 and 1276 is 1,276,000."
Compute 1000*1277,"The product of 1000 and 1277 is 1,277,000."
Compute 1000*1278,"The product of 1000 and 1278 is 1,278,000."
Compute 1000*1279,"1000 * 1279 = 1,279,000"
Compute 1000*1280,"1000 * 1280 = 1,280,000"
Compute 1000*1281,"The product of 1000 and 1281 is 1,281,000."
Compute 1000*1282,"1000*1282 = 1,282,000."
Compute 1000*1283,"1,283,000"
Compute 1000*1284,"1,284,000"
Compute 1000*1285,"1000 * 1285 = 1,285,000"
Compute 1000*1286,"1,000 multiplied by 1,286 equals 1,286,000."
Compute 1000*1287,"The product of 1000 multiplied by 1287 is 1,287,000."
Compute 1000*1288,"The product of 1000 and 1288 is equal to 1,288,000. Therefore, 1000 multiplied by 1288 equals 1,288,000."
Compute 1000*1289,"1000 * 1289 = 1,289,000. Answer: \boxed{1,289,000}."
Compute 1000*1290,"The product of 1000 and 1290 is 1,290,000."
Compute 1000*1291,"1,291,000"
Compute 1000*1292,"1000*1292 = 1,292,000"
Compute 1000*1293,"The multiplication of 1000 and 1293 is: 1,293,000."
Compute 1000*1294,"The product of 1000 and 1294 is 1,294,000."
Compute 1000*1295,"The product of 1000 and 1295 is 1,295,000."
Compute 1000*1296,"1000*1296 = 1,296,000."
Compute 1000*1297,"1000*1297 = 1,297,000"
Compute 1000*1298,"1000 * 1298 = 1,298,000"
Compute 1000*1299,"The product of 1000 and 1299 is 1,299,000."
Compute 1000*1300,"The product of 1000 and 1300 is 1,300,000."
Compute 1000*1301,"The product of 1000 and 1301 is 1,301,000."
Compute 1000*1302,"The product of 1000 and 1302 is 1,302,000."
Compute 1000*1303,"1000 * 1303 = 1,303,000"
Compute 1000*1304,"1000 * 1304 = 1,304,000"
Compute 1000*1305,"The product of 1000 and 1305 is 1,305,000."
Compute 1000*1306,"The product of 1000 and 1306 is 1,306,000."
Compute 1000*1307,"1000 multiplied by 1307 equals 1,307,000."
Compute 1000*1308,"The product of 1000 and 1308 is 1,308,000."
Compute 1000*1309,"1000*1309 = 1,309,000"
Compute 1000*1310,"The product of 1000 multiplied by 1310 is 1,310,000."
Compute 1000*1311,"The product of 1000 and 1311 is 1,311,000."
Compute 1000*1312,"1000 multiplied by 1312 equals 1,312,000."
Compute 1000*1313,"1000 * 1313 = 1,313,000"
Compute 1000*1314,"1000 multiplied by 1314 equals 1,314,000."
Compute 1000*1315,"1,315,000"
Compute 1000*1316,"1000 * 1316 = 1,316,000"
Compute 1000*1317,"The product of 1000 and 1317 is 1,317,000."
Compute 1000*1318,"1000 * 1318 = 1,318,000"
Compute 1000*1319,"The product of 1000 and 1319 is 1,319,000."
Compute 1000*1320,"1000*1320 = 1,320,000."
Compute 1000*1321,"1000 * 1321 = 1,321,000."
Compute 1000*1322,"The product of 1000 and 1322 is 1,322,000."
Compute 1000*1323,"The product of 1000 and 1323 is 1,323,000."
Compute 1000*1324,"The product of 1000 and 1324 is 1,324,000."
Compute 1000*1325,"1000 * 1325 equals 1,325,000."
Compute 1000*1326,"1000 * 1326 = 1,326,000."
Compute 1000*1327,"1000*1327 = 1,327,000"
Compute 1000*1328,"1000 multiplied by 1328 equals 1,328,000."
Compute 1000*1329,"1000*1329 = 1,329,000"
Compute 1000*1330,"1000 * 1330 equals 1,330,000."
Compute 1000*1331,"1000 * 1331 = 1,331,000"
Compute 1000*1332,1000 * 1332 equals 1332000.
Compute 1000*1333,"1000 multiplied by 1333 is equal to 1,333,000."
Compute 1000*1334,"The multiplication of 1000 and 1334 is equal to 1,334,000."
Compute 1000*1335,"1000*1335 = 1,335,000"
Compute 1000*1336,"1000 * 1336 = 1,336,000"
Compute 1000*1337,"The answer to 1000*1337 is 1,337,000."
Compute 1000*1338,"1000*1338 = 1,338,000"
Compute 1000*1339,"1000 * 1339 = 1,339,000"
Compute 1000*1340,"The result of multiplying 1000 by 1340 is 1,340,000."
Compute 1000*1341,"The product of 1000 and 1341 is 1,341,000."
Compute 1000*1342,"1,342,000"
Compute 1000*1343,"1000 * 1343 = 1,343,000"
Compute 1000*1344,"1000 * 1344 = 1,344,000"
Compute 1000*1345,"1000 * 1345 = 1,345,000"
Compute 1000*1346,"1000*1346 = 1,346,000"
Compute 1000*1347,"The value of 1000 multiplied by 1347 is 1,347,000."
Compute 1000*1348,"1000 * 1348 = 1,348,000"
Compute 1000*1349,"1000 * 1349 = 1,349,000"
Compute 1000*1350,"1000*1350 = 1,350,000."
Compute 1000*1351,"The calculation is: 1,351,000."
Compute 1000*1352,"1000 * 1352 = 1,352,000"
Compute 1000*1353,"1000*1353 = 1,353,000."
Compute 1000*1354,"1000 * 1354 = 1,354,000"
Compute 1000*1355,"The product of 1000 and 1355 is 1,355,000."
Compute 1000*1356,"1000 * 1356 = 1,356,000"
Compute 1000*1357,"1,357,000"
Compute 1000*1358,"1000 * 1358 = 1,358,000"
Compute 1000*1359,"1,359,000"
Compute 1000*1360,"The product of 1000 multiplied by 1360 is 1,360,000."
Compute 1000*1361,"The calculation is as follows:

1000 * 1361 = 1,361,000"
Compute 1000*1362,"The product of 1000 and 1362 is 1,362,000."
Compute 1000*1363,"The product of 1000 and 1363 is 1,363,000."
Compute 1000*1364,"The result of the calculation 1000 * 1364 is 1,364,000."
Compute 1000*1365,"The product of 1000 and 1365 is 1,365,000."
Compute 1000*1366,"The multiplication of 1000 and 1366 is 1,366,000."
Compute 1000*1367,"The product of 1000 and 1367 is 1,367,000."
Compute 1000*1368,"1000 multiplied by 1368 is equal to 1,368,000."
Compute 1000*1369,"1000 * 1369 = 1,369,000."
Compute 1000*1370,"1000 multiplied by 1370 is equal to 1,370,000."
Compute 1000*1371,"The product of 1000 and 1371 is 1,371,000."
Compute 1000*1372,"The product of 1000 and 1372 is 1,372,000."
Compute 1000*1373,"The product of 1000 and 1373 is 1,373,000."
Compute 1000*1374,"The product of 1000 and 1374 is 1,374,000."
Compute 1000*1375,"The product of 1000 and 1375 is 1,375,000."
Compute 1000*1376,"The product of 1000 and 1376 is 1,376,000."
Compute 1000*1377,"The product of 1000 and 1377 is 1,377,000."
Compute 1000*1378,"To compute the product of 1000 and 1378, you multiply the two numbers. 

1000 * 1378 = 1,378,000"
Compute 1000*1379,"The product of 1000 and 1379 is 1,379,000."
Compute 1000*1380,"The result of 1000*1380 is 1,380,000."
Compute 1000*1381,"The product of 1000 and 1381 is 1,381,000."
Compute 1000*1382,"1000 * 1382 equals 1,382,000."
Compute 1000*1383,"1000 multiplied by 1383 equals 1,383,000."
Compute 1000*1384,"The product of 1000 and 1384 is 1,384,000."
Compute 1000*1385,"The product of 1000 and 1385 is 1,385,000."
Compute 1000*1386,"1000 * 1386 = 1,386,000"
Compute 1000*1387,"The result of 1000*1387 is 1,387,000."
Compute 1000*1388,"The product of 1000 and 1388 is 1,388,000."
Compute 1000*1389,"The product of 1000 and 1389 is 1,389,000."
Compute 1000*1390,"1000 * 1390 = 1,390,000."
Compute 1000*1391,"The answer is 1,391,000."
Compute 1000*1392,"1000 * 1392 = 1,392,000."
Compute 1000*1393,"1,393,000."
Compute 1000*1394,"The product of 1000*1394 is 1,394,000."
Compute 1000*1395,"The product of 1000 and 1395 is 1,395,000."
Compute 1000*1396,"1000 * 1396 = 1,396,000"
Compute 1000*1397,"1000 * 1397 = 1,397,000."
Compute 1000*1398,"The product of 1000 and 1398 is 1,398,000."
Compute 1000*1399,"1000*1399 = 1,399,000"
Compute 1000*1400,"1000 * 1400 = 1,400,000"
Compute 1000*1401,"1000 * 1401 equals 1,401,000."
Compute 1000*1402,"1000*1402 = 1,402,000."
Compute 1000*1403,"The product of 1000 and 1403 is 1,403,000."
Compute 1000*1404,"1000 * 1404 = 1,404,000"
Compute 1000*1405,"1000*1405 = 1,405,000"
Compute 1000*1406,"The product of 1000 and 1406 is 1,406,000."
Compute 1000*1407,"1000 multiplied by 1407 equals 1,407,000."
Compute 1000*1408,"1,000 * 1,408 = 1,408,000"
Compute 1000*1409,"1000 * 1409 = 1,409,000"
Compute 1000*1410,"The product of 1000 and 1410 is 1,410,000."
Compute 1000*1411,"1000 multiplied by 1411 is equal to 1,411,000."
Compute 1000*1412,"The product of 1000 and 1412 is 1,412,000."
Compute 1000*1413,"1000 * 1413 = 1,413,000."
Compute 1000*1414,"1000*1414 = 1,414,000."
Compute 1000*1415,"1000 * 1415 = 1,415,000"
Compute 1000*1416,"1000*1416 = 1,416,000"
Compute 1000*1417,"1000 * 1417 = 1,417,000"
Compute 1000*1418,1000*1418 = 1418000
Compute 1000*1419,"The result of computing 1000 multiplied by 1419 is 1,419,000."
Compute 1000*1420,"The product of 1000 and 1420 is 1,420,000."
Compute 1000*1421,"1000 multiplied by 1421 is equal to 1,421,000."
Compute 1000*1422,"1000*1422 = 1,422,000"
Compute 1000*1423,"1000 * 1423 = 1,423,000"
Compute 1000*1424,"The product of 1000 and 1424 is 1,424,000."
Compute 1000*1425,"1000*1425 = 1,425,000"
Compute 1000*1426,"1,426,000"
Compute 1000*1427,"1000*1427 = 1,427,000."
Compute 1000*1428,"1000 * 1428 = 1,428,000"
Compute 1000*1429,"1000 * 1429 = 1,429,000"
Compute 1000*1430,"1000 * 1430 = 1,430,000."
Compute 1000*1431,"The product of 1000 and 1431 is 1,431,000."
Compute 1000*1432,1000 * 1432 = 1432000
Compute 1000*1433,"1000 * 1433 = 1,433,000"
Compute 1000*1434,"1000 multiplied by 1434 is equal to 1,434,000."
Compute 1000*1435,"1000 multiplied by 1435 is equal to 1,435,000."
Compute 1000*1436,"1000 multiplied by 1436 is equal to 1,436,000."
Compute 1000*1437,"1000 * 1437 = 1,437,000."
Compute 1000*1438,"1000 * 1438 = 1,438,000"
Compute 1000*1439,"1000*1439 equals 1,439,000."
Compute 1000*1440,"1000 * 1440 equals 1,440,000."
Compute 1000*1441,"The product of 1000 multiplied by 1441 is 1,441,000."
Compute 1000*1442,"1000 * 1442 = <<1000*1442=1442000>>1,442,000"
Compute 1000*1443,"The result of 1000 multiplied by 1443 is 1,443,000."
Compute 1000*1444,"1000*1444=1,444,000"
Compute 1000*1445,"1000 * 1445 = 1,445,000"
Compute 1000*1446,"1000 multiplied by 1446 equals 1,446,000."
Compute 1000*1447,"The product of 1000 and 1447 is 1,447,000."
Compute 1000*1448,"1000*1448 = 1,448,000."
Compute 1000*1449,"1000*1449 = 1,449,000"
Compute 1000*1450,"1,450,000"
Compute 1000*1451,"1000 * 1451 = 1,451,000"
Compute 1000*1452,"1000 multiplied by 1452 is 1,452,000."
Compute 1000*1453,"1000 * 1453 = 1,453,000."
Compute 1000*1454,"1000 * 1454 = 1,454,000."
Compute 1000*1455,"1000 * 1455 = 1,455,000"
Compute 1000*1456,"1000 * 1456 equals 1,456,000."
Compute 1000*1457,"The product of 1000 and 1457 is 1,457,000."
Compute 1000*1458,"The product of 1000 and 1458 is 1,458,000."
Compute 1000*1459,"1,459,000"
Compute 1000*1460,"The calculation is 1,460,000."
Compute 1000*1461,"The product of 1000 and 1461 is 1,461,000."
Compute 1000*1462,"The product of 1000 and 1462 is 1,462,000."
Compute 1000*1463,"The product of 1000 and 1463 is 1,463,000."
Compute 1000*1464,"1000*1464 = 1,464,000."
Compute 1000*1465,"The product of 1000 and 1465 is 1,465,000."
Compute 1000*1466,"The calculation is:

1000 * 1466 = 1,466,000"
Compute 1000*1467,"The product of 1000 and 1467 is 1,467,000."
Compute 1000*1468,"1000 * 1468 = 1,468,000"
Compute 1000*1469,"The product of 1000 multiplied by 1469 is 1,469,000."
Compute 1000*1470,"1000 * 1470 = <<1000*1470=1470000>>1,470,000"
Compute 1000*1471,"1000 * 1471 = 1,471,000"
Compute 1000*1472,"The multiplication of 1000 and 1472 is 1,472,000."
Compute 1000*1473,"1000 multiplied by 1473 equals 1,473,000."
Compute 1000*1474,"The product of 1000 and 1474 is 1,474,000."
Compute 1000*1475,"The product of 1000 multiplied by 1475 is 1,475,000."
Compute 1000*1476,"1000 * 1476 = 1,476,000"
Compute 1000*1477,"1000*1477 = 1,477,000"
Compute 1000*1478,"1000 * 1478 = 1,478,000"
Compute 1000*1479,"The product of 1000 multiplied by 1479 is 1,479,000."
Compute 1000*1480,"1000 * 1480 = 1,480,000"
Compute 1000*1481,"1000 * 1481 = 1,481,000"
Compute 1000*1482,"1000 multiplied by 1482 equals 1,482,000."
Compute 1000*1483,"The product of 1000 and 1483 is 1,483,000."
Compute 1000*1484,1000*1484 = 1484000
Compute 1000*1485,"The product of 1000 multiplied by 1485 is 1,485,000."
Compute 1000*1486,"1,000 * 1,486 = 1,486,000"
Compute 1000*1487,"1000 * 1487 = 1,487,000"
Compute 1000*1488,"The product of 1000 and 1488 is 1,488,000."
Compute 1000*1489,"The product of 1000 and 1489 is 1,489,000."
Compute 1000*1490,"1000 * 1490 = 1,490,000"
Compute 1000*1491,"1000*1491 = 1,491,000"
Compute 1000*1492,"1000 * 1492 = 1,492,000."
Compute 1000*1493,"1000 * 1493 = 1,493,000"
Compute 1000*1494,"The product of 1000 and 1494 is 1,494,000."
Compute 1000*1495,"1000*1495 = 1,495,000"
Compute 1000*1496,"1000*1496 = 1,496,000"
Compute 1000*1497,"1000 * 1497 equals 1,497,000."
Compute 1000*1498,"1000*1498 = 1,498,000"
Compute 1000*1499,"1000*1499 = 1,498,000."
Compute 1000*1500,"The product of 1000 and 1500 is 1,500,000."
Compute 1000*1501,"The product of 1000 and 1501 is 1,501,000."
Compute 1000*1502,"The product of 1000 and 1502 is 1,502,000."
Compute 1000*1503,"1000 * 1503 = 1,503,000."
Compute 1000*1504,"1,504,000"
Compute 1000*1505,1000*1505=1505000
Compute 1000*1506,"1000 * 1506 = 1,506,000."
Compute 1000*1507,"1,507,000"
Compute 1000*1508,"The product of 1000 and 1508 is 1,508,000."
Compute 1000*1509,"1000 * 1509 = 1,509,000"
Compute 1000*1510,"The product of 1000 and 1510 is 1,510,000."
Compute 1000*1511,"The product of 1000 and 1511 is 1,511,000."
Compute 1000*1512,"1000 multiplied by 1512 equals 1,512,000."
Compute 1000*1513,"1000*1513 = 1,513,000"
Compute 1000*1514,"1000 * 1514 = 1,514,000."
Compute 1000*1515,"1000*1515 = 1,515,000"
Compute 1000*1516,"1000*1516 = 1,516,000"
Compute 1000*1517,"1000 * 1517 equals 1,517,000."
Compute 1000*1518,"The product of 1000 and 1518 is 1,518,000."
Compute 1000*1519,"1000 * 1519 = 1,519,000."
Compute 1000*1520,"The product of 1000 and 1520 is 1,520,000."
Compute 1000*1521,"1000*1521 = 1,521,000"
Compute 1000*1522,"1000 * 1522 = 1,522,000"
Compute 1000*1523,"1,523,000"
Compute 1000*1524,"1000 multiplied by 1524 is equal to 1,524,000."
Compute 1000*1525,"The product of 1000 and 1525 is 1,525,000."
Compute 1000*1526,"1000 * 1526 = 1,526,000"
Compute 1000*1527,"1000 multiplied by 1527 equals 1,527,000."
Compute 1000*1528,"1000 * 1528 = 1,528,000"
Compute 1000*1529,"The product of 1000 and 1529 is 1,529,000."
Compute 1000*1530,"1000 * 1530 = 1,530,000."
Compute 1000*1531,"The result of computing 1000 multiplied by 1531 is 1,531,000."
Compute 1000*1532,"1000*1532 = 1,532,000."
Compute 1000*1533,"1,533,000"
Compute 1000*1534,"1000 multiplied by 1534 is equal to 1,534,000."
Compute 1000*1535,"1000*1535 = 1,535,000"
Compute 1000*1536,"The result of multiplying 1000 by 1536 is 1,536,000."
Compute 1000*1537,"The product of 1000 and 1537 is 1,537,000."
Compute 1000*1538,"The product of 1000 and 1538 is 1,538,000."
Compute 1000*1539,"1000 * 1539 is equal to 1,539,000."
Compute 1000*1540,"The product of 1000 and 1540 is 1,540,000."
Compute 1000*1541,"1000 * 1541 = 1,541,000."
Compute 1000*1542,"1000 * 1542 = 1,542,000"
Compute 1000*1543,"1000 * 1543 = 1,543,000"
Compute 1000*1544,"The product of 1000 and 1544 is 1,544,000."
Compute 1000*1545,"The product of 1000 and 1545 is 1,545,000."
Compute 1000*1546,"The product of 1000 multiplied by 1546 is 1,546,000."
Compute 1000*1547,"The product of 1000 and 1547 is 1,547,000."
Compute 1000*1548,"The product of 1000 and 1548 is 1,548,000."
Compute 1000*1549,"The product of 1000 and 1549 is 1,549,000."
Compute 1000*1550,"1000 * 1550 = 1,550,000"
Compute 1000*1551,"The product of 1000 and 1551 is 1,551,000."
Compute 1000*1552,"The product of 1000 multiplied by 1552 is 1,552,000."
Compute 1000*1553,"The product of 1000 and 1553 is 1,553,000."
Compute 1000*1554,"The result of multiplying 1000 by 1554 is 1,554,000."
Compute 1000*1555,"The product of 1000 and 1555 is 1,555,000."
Compute 1000*1556,"1000 * 1556 = 1,556,000"
Compute 1000*1557,"1000 multiplied by 1557 is equal to 1,557,000."
Compute 1000*1558,"The product of 1000 and 1558 is 1,558,000."
Compute 1000*1559,"The product of 1000 and 1559 is 1,559,000."
Compute 1000*1560,"The product of 1000 and 1560 is 1,560,000."
Compute 1000*1561,"The product of 1000 and 1561 is 1,561,000."
Compute 1000*1562,"1000*1562 = 1,562,000"
Compute 1000*1563,"1000 * 1563 = 1,563,000"
Compute 1000*1564,"1000 multiplied by 1564 is equal to 1,564,000."
Compute 1000*1565,"The product of 1000 and 1565 is 1,565,000."
Compute 1000*1566,"1000 * 1566 = 1,566,000"
Compute 1000*1567,"1000 multiplied by 1567 is equal to 1,567,000."
Compute 1000*1568,"The product of 1000 and 1568 is 1,568,000."
Compute 1000*1569,"The product of 1000 and 1569 is 1,569,000."
Compute 1000*1570,"The product of 1000 and 1570 is 1,570,000."
Compute 1000*1571,"The product of 1000 and 1571 is 1,571,000."
Compute 1000*1572,"1000*1572 is equal to 1,572,000."
Compute 1000*1573,"1000 * 1573 = 1,573,000."
Compute 1000*1574,"1000 * 1574 = 1,574,000."
Compute 1000*1575,"The result of multiplying 1000 by 1575 is 1,575,000."
Compute 1000*1576,"1000 * 1576 = 1,576,000"
Compute 1000*1577,"The product of 1000 and 1577 is 1,577,000."
Compute 1000*1578,"The product of 1000 and 1578 is 1,578,000."
Compute 1000*1579,"The product of 1000 and 1579 is 1,579,000."
Compute 1000*1580,"The product of 1000 and 1580 is 1,580,000."
Compute 1000*1581,"1000*1581 = 1,581,000."
Compute 1000*1582,"The result of the multiplication 1000 multiplied by 1582 is 1,582,000."
Compute 1000*1583,"The product of 1000 and 1583 is 1,583,000."
Compute 1000*1584,"The product of 1000 and 1584 is 1,584,000."
Compute 1000*1585,"1000 * 1585 = 1,585,000"
Compute 1000*1586,"1000 * 1586 = 1,586,000."
Compute 1000*1587,"1000*1587 = 1,587,000"
Compute 1000*1588,"The result of 1000 multiplied by 1588 is 1,588,000."
Compute 1000*1589,"The product of 1000 and 1589 is 1,589,000."
Compute 1000*1590,"The product of 1000 and 1590 is 1,590,000."
Compute 1000*1591,"The product of 1000 and 1591 is 1,591,000."
Compute 1000*1592,"The product of 1000 and 1592 is 1,592,000."
Compute 1000*1593,"The product of 1000 multiplied by 1593 is 1,593,000."
Compute 1000*1594,"The product of 1000 and 1594 is 1,594,000."
Compute 1000*1595,"1000*1595 = 1,595,000."
Compute 1000*1596,"The result of 1000 multiplied by 1596 is 1,596,000."
Compute 1000*1597,"The product of 1000 and 1597 is 1,597,000."
Compute 1000*1598,"1000 * 1598 = 1,598,000."
Compute 1000*1599,"The product of 1000 and 1599 is 1,599,000."
Compute 1000*1600,"1000 * 1600 = 1,600,000"
Compute 1000*1601,"The product of 1000 and 1601 is 1,601,000."
Compute 1000*1602,"The multiplication of 1000 multiplied by 1602 is equal to 1,602,000."
Compute 1000*1603,"The product of 1000 and 1603 is 1,603,000."
Compute 1000*1604,"1000 * 1604 = 1,604,000"
Compute 1000*1605,"The product of 1000 and 1605 is 1,605,000."
Compute 1000*1606,"The product of 1000 and 1606 is 1,606,000."
Compute 1000*1607,"1000 * 1607 = 1,607,000"
Compute 1000*1608,"The product of 1000 and 1608 is 1,608,000."
Compute 1000*1609,"1000 multiplied by 1609 is equal to 1,609,000."
Compute 1000*1610,"The product of 1000 and 1610 is 1,610,000."
Compute 1000*1611,"The product of 1000 multiplied by 1611 is 1,611,000."
Compute 1000*1612,"1000 multiplied by 1612 is equal to 1,612,000."
Compute 1000*1613,"1000 * 1613 = 1,613,000"
Compute 1000*1614,"1000*1614 = 1,614,000"
Compute 1000*1615,"1000 * 1615 = 1,615,000"
Compute 1000*1616,"1000 * 1616 = 1,616,000"
Compute 1000*1617,"1,617 multiplied by 1,000 equals 1,617,000."
Compute 1000*1618,"1000 * 1618 = 1,618,000"
Compute 1000*1619,"1000 * 1619 = 1,619,000"
Compute 1000*1620,"The result of multiplying 1000 by 1620 is 1,620,000."
Compute 1000*1621,"The product of 1000 and 1621 is 1,621,000."
Compute 1000*1622,"The product of 1000 and 1622 is 1,622,000."
Compute 1000*1623,"1000*1623 = 1,623,000"
Compute 1000*1624,"The product of 1000 and 1624 is 1,624,000."
Compute 1000*1625,"The multiplication is equal to 1,625,000."
Compute 1000*1626,"The product of 1000 and 1626 is 1,626,000."
Compute 1000*1627,"The product of 1000 and 1627 is 1,627,000."
Compute 1000*1628,"The product of 1000 and 1628 is 1,628,000."
Compute 1000*1629,"1,629,000"
Compute 1000*1630,"The product of 1000 and 1630 is 1,630,000."
Compute 1000*1631,"1000 * 1631 = 1,631,000"
Compute 1000*1632,"The product of 1000 multiplied by 1632 is 1,632,000."
Compute 1000*1633,"The product of 1000 and 1633 is 1,633,000."
Compute 1000*1634,"1000 * 1634 = 1,634,000."
Compute 1000*1635,"1000 * 1635 = 1,635,000"
Compute 1000*1636,"The product of 1000 multiplied by 1636 is 1,636,000."
Compute 1000*1637,"1000 * 1637 equals 1,637,000."
Compute 1000*1638,"1000*1638 = 1,638,000"
Compute 1000*1639,"The result of multiplying 1000 by 1639 is 1,639,000."
Compute 1000*1640,"The result of 1000 multiplied by 1640 is 1,640,000."
Compute 1000*1641,"1000 * 1641 equals 1,641,000."
Compute 1000*1642,"1000*1642 = 1,642,000"
Compute 1000*1643,"1,643,000"
Compute 1000*1644,"The result of 1000 multiplied by 1644 is 1,644,000."
Compute 1000*1645,"The product of 1000 and 1645 is 1,645,000."
Compute 1000*1646,"The product of 1000 and 1646 is 1,646,000."
Compute 1000*1647,"The product of 1000 multiplied by 1647 is 1,647,000."
Compute 1000*1648,"1000 * 1648 = 1,648,000"
Compute 1000*1649,"The result of 1000 multiplied by 1649 is 1,649,000."
Compute 1000*1650,"1000 * 1650 = 1,650,000"
Compute 1000*1651,"The product of 1000 * 1651 is 1,651,000."
Compute 1000*1652,"1000 * 1652 = 1,652,000"
Compute 1000*1653,"The product of 1000 and 1653 is 1,653,000."
Compute 1000*1654,"1000 * 1654 = 1,654,000"
Compute 1000*1655,"The product of 1000 and 1655 is 1,655,000."
Compute 1000*1656,"The product of 1000 and 1656 is 1,656,000."
Compute 1000*1657,"1000*1657 = 1,657,000"
Compute 1000*1658,"The product of 1000 and 1658 is 1,658,000."
Compute 1000*1659,"The product of 1000 and 1659 is 1,659,000."
Compute 1000*1660,"The product of 1000 and 1660 is 1,660,000."
Compute 1000*1661,"The product of 1000 and 1661 is 1,661,000."
Compute 1000*1662,"The product of 1000 and 1662 is 1,662,000."
Compute 1000*1663,"1000*1663 = <<1000*1663=1663000>>1,663,000"
Compute 1000*1664,"The product of 1000 and 1664 is 1,664,000."
Compute 1000*1665,"The product of 1000 and 1665 is 1,665,000."
Compute 1000*1666,"The product of 1000 multiplied by 1666 is 1,666,000."
Compute 1000*1667,"The answer is 1,667,000."
Compute 1000*1668,"1000 * 1668 = 1,668,000"
Compute 1000*1669,"1000 multiplied by 1669 is equal to 1,669,000."
Compute 1000*1670,"The result of multiplying 1000 by 1670 is 1,670,000."
Compute 1000*1671,"The result of multiplying 1000 by 1671 is 1,671,000."
Compute 1000*1672,"1000 multiplied by 1672 is equal to 1,672,000."
Compute 1000*1673,"The product of 1000 and 1673 is 1,673,000."
Compute 1000*1674,"1000*1674 equals 1,674,000."
Compute 1000*1675,"The product of 1000 and 1675 is 1,675,000."
Compute 1000*1676,"The product of 1000 and 1676 is 1,676,000."
Compute 1000*1677,"The result of 1000 multiplied by 1677 is 1,677,000."
Compute 1000*1678,"1000 multiplied by 1678 is equal to 1,678,000."
Compute 1000*1679,"The product of 1000 multiplied by 1679 is 1,679,000."
Compute 1000*1680,"The product of 1000 and 1680 is 1,680,000."
Compute 1000*1681,"The product of 1000 and 1681 is 1,681,000."
Compute 1000*1682,"The multiplication of 1000 and 1682 is 1,682,000."
Compute 1000*1683,"The product of 1000 and 1683 is 1,683,000."
Compute 1000*1684,"1,684,000"
Compute 1000*1685,"1,685,000"
Compute 1000*1686,"1,000 multiplied by 1,686 equals 1,686,000."
Compute 1000*1687,"The product of 1000 and 1687 is 1,687,000."
Compute 1000*1688,"1000 * 1688 = 1,688,000"
Compute 1000*1689,"The product of 1000 and 1689 is 1,689,000."
Compute 1000*1690,1000 * 1690 = 1690000
Compute 1000*1691,"1000 * 1691 = 1,691,000"
Compute 1000*1692,"The product of 1000 and 1692 is 1,692,000."
Compute 1000*1693,"1000 * 1693 = 1,693,000."
Compute 1000*1694,"To compute 1000 * 1694, you simply multiply the two numbers together:

1000 * 1694 = 1,694,000"
Compute 1000*1695,"The product of 1000 and 1695 is 1,695,000."
Compute 1000*1696,"1000 * 1696 = 1,696,000"
Compute 1000*1697,"1,697,000"
Compute 1000*1698,"The result of 1000 multiplied by 1698 is 1,698,000."
Compute 1000*1699,"1000*1699 = 1,699,000"
Compute 1000*1700,"The product of 1000 and 1700 is 1,700,000."
Compute 1000*1701,"The product of 1000 and 1701 is 1,701,000."
Compute 1000*1702,"The product of 1000 and 1702 is 1,702,000."
Compute 1000*1703,"The product of 1000 and 1703 is 1,703,000."
Compute 1000*1704,"The product of 1000 and 1704 is 1,704,000."
Compute 1000*1705,"The product of 1000 and 1705 is 1,705,000."
Compute 1000*1706,"The product of 1000 and 1706 is 1,706,000."
Compute 1000*1707,"The product of 1000 and 1707 is 1,707,000."
Compute 1000*1708,"The product of 1000 and 1708 is 1,708,000."
Compute 1000*1709,"The product of 1000 and 1709 is 1,709,000."
Compute 1000*1710,"1000*1710 = 1,710,000"
Compute 1000*1711,"1000 * 1711 = 1,711,000"
Compute 1000*1712,"1000 * 1712 = 1,712,000"
Compute 1000*1713,"1000 * 1713 = 1,713,000"
Compute 1000*1714,"The result of 1000 multiplied by 1714 is 1,714,000."
Compute 1000*1715,"1000 * 1715 = 1,715,000"
Compute 1000*1716,"The result of 1000 multiplied by 1716 is 1,716,000."
Compute 1000*1717,"The result of 1000 multiplied by 1717 is 1,717,000."
Compute 1000*1718,"The product of 1000 multiplied by 1718 is 1,718,000."
Compute 1000*1719,"The calculation of 1000 multiplied by 1719 is 1,719,000."
Compute 1000*1720,"The product of 1000 and 1720 is 1,720,000."
Compute 1000*1721,"The product of 1000 and 1721 is 1,721,000."
Compute 1000*1722,"The product of 1000 and 1722 is 1,722,000."
Compute 1000*1723,"The product of 1000 and 1723 is 1,723,000."
Compute 1000*1724,"The product of 1000 and 1724 is 1,724,000."
Compute 1000*1725,"The product of 1000 and 1725 is 1,725,000."
Compute 1000*1726,"The result of 1000 multiplied by 1726 is 1,726,000."
Compute 1000*1727,"The product of 1000 and 1727 is 1,727,000."
Compute 1000*1728,"1000 multiplied by 1728 equals 1,728,000."
Compute 1000*1729,"1000 * 1729 = 1,729,000."
Compute 1000*1730,"The product of 1000 and 1730 is 1,730,000."
Compute 1000*1731,"1000 * 1731 = 1,731,000"
Compute 1000*1732,"1000 * 1732 = 1,732,000"
Compute 1000*1733,"The product of 1000 and 1733 is 1,733,000."
Compute 1000*1734,"The product of 1000 and 1734 is 1,734,000."
Compute 1000*1735,"1000 * 1735 = 1,735,000."
Compute 1000*1736,"The result of multiplying 1000 by 1736 is 1,736,000."
Compute 1000*1737,"The result of the computation 1000*1737 is 1,737,000."
Compute 1000*1738,"The product of 1000 and 1738 is 1,738,000."
Compute 1000*1739,"1000 * 1739 = 1,739,000"
Compute 1000*1740,"The product of 1000 multiplied by 1740 is equal to 1,740,000."
Compute 1000*1741,"The product of 1000 and 1741 is 1,741,000."
Compute 1000*1742,"The product of 1000 and 1742 is 1,742,000."
Compute 1000*1743,"The product of 1000 and 1743 is 1,743,000."
Compute 1000*1744,"The product of 1000 and 1744 is 1,744,000."
Compute 1000*1745,"The result of 1000 multiplied by 1745 is 1,745,000."
Compute 1000*1746,"The product of 1000 and 1746 is 1,746,000."
Compute 1000*1747,"The product of 1000 and 1747 is 1,747,000."
Compute 1000*1748,"The product of 1000 and 1748 is 1,748,000."
Compute 1000*1749,"The result of calculating 1000 multiplied by 1749 is 1,749,000."
Compute 1000*1750,"The product of 1000 and 1750 is 1,750,000."
Compute 1000*1751,"The product of 1000 and 1751 is 1,751,000."
Compute 1000*1752,"1000 * 1752 = 1,752,000"
Compute 1000*1753,"The product of 1000 and 1753 is 1,753,000."
Compute 1000*1754,"1000*1754 equals 1,754,000."
Compute 1000*1755,"The result of multiplying 1000 by 1755 is 1,755,000."
Compute 1000*1756,"The product of 1000 and 1756 is 1,756,000."
Compute 1000*1757,"1000 * 1757 = 1,757,000."
Compute 1000*1758,"1000 * 1758 = 1,758,000"
Compute 1000*1759,"1000*1759 is equal to 1,759,000."
Compute 1000*1760,"The product of 1000 and 1760 is 1,760,000."
Compute 1000*1761,"The product of 1000 and 1761 is 1,761,000."
Compute 1000*1762,"The product of 1000 and 1762 is 1,762,000."
Compute 1000*1763,"The product of 1000 and 1763 is 1,763,000."
Compute 1000*1764,"1000 multiplied by 1764 equals 1,764,000."
Compute 1000*1765,"1000 * 1765 = 1,765,000."
Compute 1000*1766,"The product of 1000 and 1766 is 1,766,000."
Compute 1000*1767,"1000 * 1767 = 1,767,000"
Compute 1000*1768,"1000 * 1768 = 1,768,000."
Compute 1000*1769,"1000 * 1769 = 1,769,000."
Compute 1000*1770,"The product of 1000 multiplied by 1770 is 1,770,000."
Compute 1000*1771,"1000 * 1771 = 1,771,000."
Compute 1000*1772,"The product of 1000 and 1772 is 1,772,000."
Compute 1000*1773,"The product of 1000 and 1773 is 1,773,000."
Compute 1000*1774,"The result of 1000 multiplied by 1774 is 1,774,000."
Compute 1000*1775,"The product of 1000 and 1775 is 1,775,000."
Compute 1000*1776,"1000 * 1776 = 1,776,000"
Compute 1000*1777,"The product of 1000 and 1777 is 1,777,000."
Compute 1000*1778,"1000*1778 = 1,778,000"
Compute 1000*1779,"1000*1779=1,779,000"
Compute 1000*1780,"1,000 * 1,780 equals 1,780,000."
Compute 1000*1781,"1000 * 1781 = 1,781,000."
Compute 1000*1782,"1000 * 1782 = 1,782,000."
Compute 1000*1783,"1000 * 1783 = 1,783,000."
Compute 1000*1784,"1000 * 1784 = 1,784,000"
Compute 1000*1785,"The product of 1000 and 1785 is 1,785,000."
Compute 1000*1786,"1000 * 1786 = 1,786,000"
Compute 1000*1787,"1000 * 1787 = 1,787,000."
Compute 1000*1788,"1000 * 1788 = 1,788,000"
Compute 1000*1789,"The product of 1000 and 1789 is 1,789,000."
Compute 1000*1790,"1000*1790 = 1,790,000."
Compute 1000*1791,"1000*1791 = 1,791,000"
Compute 1000*1792,"1000 * 1792 = 1,792,000"
Compute 1000*1793,"1000 * 1793 = 1,793,000."
Compute 1000*1794,"The product of 1000 and 1794 is 1,794,000."
Compute 1000*1795,"The product of 1000 and 1795 is 1,795,000."
Compute 1000*1796,"1000 * 1796 = 1,796,000"
Compute 1000*1797,"The result of multiplying 1000 by 1797 is 1,797,000."
Compute 1000*1798,"1000*1798 equals 1,798,000."
Compute 1000*1799,"The result of 1000 multiplied by 1799 is 1,799,000."
Compute 1000*1800,"1000 * 1800 = 1,800,000."
Compute 1000*1801,"The product of 1000 and 1801 is 1,801,000."
Compute 1000*1802,"The product of 1000 and 1802 is 1,802,000."
Compute 1000*1803,"1000 * 1803 = 1,803,000"
Compute 1000*1804,"1000 * 1804 = 1,804,000"
Compute 1000*1805,"1000 * 1805 equals 1,805,000."
Compute 1000*1806,"The product of 1000 and 1806 is 1,806,000."
Compute 1000*1807,"The product of 1000 and 1807 is 1,807,000."
Compute 1000*1808,"The result of computing 1000 multiplied by 1808 is 1,808,000."
Compute 1000*1809,"1000*1809 = 1,809,000"
Compute 1000*1810,"The product of 1000 and 1810 is 1,810,000."
Compute 1000*1811,"1000 * 1811 = 1,811,000"
Compute 1000*1812,"1000 * 1812 = 1,812,000"
Compute 1000*1813,"1000 * 1813 = 1,813,000"
Compute 1000*1814,"1000 * 1814 = 1,814,000"
Compute 1000*1815,"The result of multiplying 1000 by 1815 is 1,815,000."
Compute 1000*1816,"The product of 1000 and 1816 is 1,816,000."
Compute 1000*1817,"1000 * 1817 = <<1000*1817=1817000>>1,817,000"
Compute 1000*1818,"1000 * 1818 = 1,818,000."
Compute 1000*1819,"1,819,000"
Compute 1000*1820,"1000 * 1820 = 1,820,000."
Compute 1000*1821,"The result of 1000 multiplied by 1821 is 1,821,000."
Compute 1000*1822,"The result of multiplying 1000 by 1822 is 1,822,000."
Compute 1000*1823,"The product of 1000 and 1823 is 1,823,000."
Compute 1000*1824,"The product of 1000 and 1824 is 1,824,000."
Compute 1000*1825,"The result of 1000 multiplied by 1825 is 1,825,000."
Compute 1000*1826,"The result of multiplying 1000 by 1826 is 1,826,000."
Compute 1000*1827,"1000 * 1827 = 1,827,000"
Compute 1000*1828,"The product of 1000 and 1828 is 1,828,000."
Compute 1000*1829,"The product of 1000 and 1829 is 1,829,000."
Compute 1000*1830,"The result of multiplying 1000 by 1830 is 1,830,000."
Compute 1000*1831,"1,831,000"
Compute 1000*1832,"1000 * 1832 = 1,832,000"
Compute 1000*1833,"1000*1833 = 1,833,000"
Compute 1000*1834,"The product of 1000 and 1834 is 1,834,000."
Compute 1000*1835,"The result of multiplying 1000 by 1835 is 1,835,000."
Compute 1000*1836,"The product of 1000 and 1836 is 1,836,000."
Compute 1000*1837,"The product of 1000 and 1837 is 1,837,000."
Compute 1000*1838,"1000 * 1838 = 1,838,000"
Compute 1000*1839,"The product of 1000 and 1839 is 1,839,000."
Compute 1000*1840,"The result of 1000 multiplied by 1840 is 1,840,000."
Compute 1000*1841,"The product of 1000 multiplied by 1841 is 1,841,000."
Compute 1000*1842,"1000 * 1842 = 1,842,000."
Compute 1000*1843,"The product of 1000 and 1843 is 1,843,000."
Compute 1000*1844,"The product of 1000 and 1844 is 1,844,000."
Compute 1000*1845,"The product of 1000 and 1845 is 1,845,000."
Compute 1000*1846,"1000*1846 = 1,846,000"
Compute 1000*1847,"1000*1847 = 1,847,000"
Compute 1000*1848,"The product of 1000 and 1848 is 1,848,000."
Compute 1000*1849,"1000 * 1849 = 1,849,000"
Compute 1000*1850,"The product of 1000*1850 is 1,850,000."
Compute 1000*1851,"1000 * 1851 equals 1,851,000."
Compute 1000*1852,"The product of 1000 and 1852 is 1,852,000."
Compute 1000*1853,"The product of 1000 and 1853 is 1,853,000."
Compute 1000*1854,"1000*1854 = 1,854,000"
Compute 1000*1855,"The product of 1000 and 1855 is 1,855,000."
Compute 1000*1856,"The answer is 1,856,000."
Compute 1000*1857,"The product of 1000 multiplied by 1857 is 1,857,000."
Compute 1000*1858,"1000*1858 = 1,858,000"
Compute 1000*1859,"1000 * 1859 = 1,859,000"
Compute 1000*1860,"The product of 1000 and 1860 is 1,860,000."
Compute 1000*1861,"1000 multiplied by 1861 equals 1,861,000."
Compute 1000*1862,"The product of 1000 and 1862 is 1,862,000."
Compute 1000*1863,"1000*1863 = 1,863,000."
Compute 1000*1864,"The result of multiplying 1000 by 1864 is 1,864,000."
Compute 1000*1865,"The result of multiplying 1000 by 1865 is 1,865,000."
Compute 1000*1866,"1000*1866 = 1,866,000."
Compute 1000*1867,"The product of 1000 and 1867 is 1,867,000."
Compute 1000*1868,"1000 * 1868 = 1,868,000"
Compute 1000*1869,"1000 * 1869 = 1,869,000"
Compute 1000*1870,"1000 * 1870 = 1,870,000"
Compute 1000*1871,"1000*1871 = 1,871,000."
Compute 1000*1872,"1000*1872 equals 1,872,000."
Compute 1000*1873,"The product of 1000 and 1873 is 1,873,000."
Compute 1000*1874,"1000 * 1874 = 1,874,000"
Compute 1000*1875,"The product of 1000 and 1875 is 1,875,000."
Compute 1000*1876,"1000 * 1876 = 1,876,000"
Compute 1000*1877,"1,877,000"
Compute 1000*1878,"1000 * 1878 = 1,878,000"
Compute 1000*1879,"1000 * 1879 = 1,879,000"
Compute 1000*1880,"1000*1880 = 1,880,000"
Compute 1000*1881,"1000 multiplied by 1881 equals 1,881,000."
Compute 1000*1882,"The result of multiplying 1000 by 1882 is 1,882,000."
Compute 1000*1883,"1,883,000"
Compute 1000*1884,"1000*1884 = 1,884,000"
Compute 1000*1885,"The product of 1000 multiplied by 1885 is 1,885,000."
Compute 1000*1886,"1000 * 1886 = 1,886,000"
Compute 1000*1887,"The product of 1000 and 1887 is 1,887,000."
Compute 1000*1888,"The product of 1000 and 1888 is 1,888,000."
Compute 1000*1889,"1000 * 1889 = 1,889,000"
Compute 1000*1890,"1000*1890 = 1,890,000"
Compute 1000*1891,"The product of 1000 and 1891 is 1,891,000."
Compute 1000*1892,"1000 * 1892 = 1,892,000."
Compute 1000*1893,"1000*1893 = 1,893,000"
Compute 1000*1894,"1000 * 1894 = 1,894,000."
Compute 1000*1895,"1000 * 1895 = 1,895,000"
Compute 1000*1896,"The product of 1000 and 1896 is 1,896,000."
Compute 1000*1897,"1000 multiplied by 1897 is equal to 1,897,000."
Compute 1000*1898,"1000 * 1898 = 1,898,000."
Compute 1000*1899,"The product of 1000 and 1899 is 1,899,000."
Compute 1000*1900,"The product of 1000 and 1900 is 1,900,000."
Compute 1000*1901,"1000 multiplied by 1901 is equal to 1,901,000."
Compute 1000*1902,"The product of 1000 and 1902 is 1,902,000."
Compute 1000*1903,"1000 * 1903 = 1,903,000"
Compute 1000*1904,"1000 * 1904 = 1,904,000"
Compute 1000*1905,"The product of 1000 and 1905 is 1,905,000."
Compute 1000*1906,"1000 * 1906 = 1,906,000."
Compute 1000*1907,"To compute the product of 1000 and 1907, you multiply the two numbers together:

1000 * 1907 = 1,907,000."
Compute 1000*1908,"The product of 1000 and 1908 is 1,908,000."
Compute 1000*1909,"The product of 1000 and 1909 is 1,909,000."
Compute 1000*1910,"The product of 1000 and 1910 is equal to 1,910,000."
Compute 1000*1911,"1000*1911 = 1,911,000"
Compute 1000*1912,"1000 * 1912 = 1,912,000"
Compute 1000*1913,"1000 * 1913 = 1,913,000."
Compute 1000*1914,"The result of 1000 multiplied by 1914 is 1,914,000."
Compute 1000*1915,"The multiplication of 1000 and 1915 is equal to 1,915,000."
Compute 1000*1916,"1000 * 1916 equals 1,916,000."
Compute 1000*1917,"The result of multiplying 1000 by 1917 is 1,917,000."
Compute 1000*1918,"1000 * 1918 = 1,918,000."
Compute 1000*1919,"The result of 1000 multiplied by 1919 is 1,919,000."
Compute 1000*1920,"1000 * 1920 = 1,920,000"
Compute 1000*1921,"1000 multiplied by 1921 is equal to 1,921,000."
Compute 1000*1922,"1000*1922 = 1,922,000."
Compute 1000*1923,"The product of 1000 and 1923 is 1,923,000."
Compute 1000*1924,"1000 multiplied by 1924 is equal to 1,924,000."
Compute 1000*1925,"The multiplication 1000 * 1925 equals 1,925,000."
Compute 1000*1926,"The result of 1000 multiplied by 1926 is 1,926,000."
Compute 1000*1927,"1000 * 1927 = 1,927,000"
Compute 1000*1928,"1000 * 1928 = 1,928,000"
Compute 1000*1929,"The product of 1000 and 1929 is 1,929,000."
Compute 1000*1930,"1000*1930 = 1,930,000"
Compute 1000*1931,"The product of 1000 and 1931 is 1,931,000."
Compute 1000*1932,"The product of 1000 and 1932 is 1,932,000."
Compute 1000*1933,"The product of 1000 and 1933 is 1,933,000."
Compute 1000*1934,"1000*1934 equals 1,934,000."
Compute 1000*1935,"The product of 1000 and 1935 is 1,935,000."
Compute 1000*1936,"1936*1000 equals 1,936,000."
Compute 1000*1937,"The product of 1000 and 1937 is 1,937,000."
Compute 1000*1938,"The product of 1000 and 1938 is 1,938,000."
Compute 1000*1939,"The product of 1000 and 1939 is 1,939,000."
Compute 1000*1940,"The product of 1000 and 1940 is 1,940,000."
Compute 1000*1941,"1000 * 1941 = 1,941,000"
Compute 1000*1942,"1000 * 1942 = 1,942,000."
Compute 1000*1943,"The product of 1000 multiplied by 1943 is 1,943,000."
Compute 1000*1944,"The product of 1000 and 1944 is 1,944,000."
Compute 1000*1945,"The product of 1000 multiplied by 1945 is 1,945,000."
Compute 1000*1946,"1000 multiplied by 1946 is equal to 1,946,000."
Compute 1000*1947,"The product of 1000 and 1947 is 1,947,000."
Compute 1000*1948,"The result of 1000 multiplied by 1948 is 1,948,000."
Compute 1000*1949,"1000*1949 = 1,949,000"
Compute 1000*1950,"The product of 1000 and 1950 is 1,950,000."
Compute 1000*1951,"The product of 1000 and 1951 is 1,951,000."
Compute 1000*1952,"The product of 1000 and 1952 is 1,952,000."
Compute 1000*1953,"The product of 1000 and 1953 is 1,953,000."
Compute 1000*1954,"1000 * 1954 = 1,954,000"
Compute 1000*1955,"1000 * 1955 = 1,955,000"
Compute 1000*1956,"The product of 1000 and 1956 is 1,956,000."
Compute 1000*1957,"The product of 1000 and 1957 is 1,957,000."
Compute 1000*1958,"The product of 1000 multiplied by 1958 is 1,958,000."
Compute 1000*1959,"1000 * 1959 = 1,959,000"
Compute 1000*1960,"The product of 1000 and 1960 is 1,960,000."
Compute 1000*1961,"The product of 1000 and 1961 is 1,961,000."
Compute 1000*1962,"1000*1962 = 1,962,000"
Compute 1000*1963,"The result of 1000 multiplied by 1963 is 1,963,000."
Compute 1000*1964,"The product of 1000 and 1964 is 1,964,000."
Compute 1000*1965,"1000 * 1965 = 1,965,000."
Compute 1000*1966,"The answer is 1,966,000."
Compute 1000*1967,"The product of 1000 and 1967 is 1,967,000."
Compute 1000*1968,"The result of calculating 1000*1968 is 1,968,000."
Compute 1000*1969,"The answer is 1,969,000."
Compute 1000*1970,"The product of 1000 and 1970 is 1,970,000."
Compute 1000*1971,"1000 * 1971 = 1,971,000."
Compute 1000*1972,"The result of 1000 multiplied by 1972 is 1,972,000."
Compute 1000*1973,"1000*1973 = 1,973,000."
Compute 1000*1974,"1000 * 1974 = 1,974,000"
Compute 1000*1975,"The product of 1000 and 1975 is 1,975,000."
